{"products":[{"Title":"Pancakes","Description":"Buttermilk","Price":"2.99","Category":"Breakfast"},
	{"Title":"Yogurt","Description":"Soy yoplants","Price":"3.99","Category":"Breakfast"},
{"Title":"Western Omelet","Description":"3 eggs with veggies and hug brownies","Price":"4.99","Category":"Breakfast"},
{"Title":"Tuna Melt","Description":"Tuna salad on whole wheat with tomatoes, avocado ","Price":"9.99","Category":"Lunch"},
{"Title":"Mushroom Wild Rice","Description":"Wild rice with portobello mushrooms and grilled ve","Price":"12.99","Category":"Dinner"},
{"Title":"Banana","Description":"Banana","Price":"1","Category":"Breakfast"}]}